﻿<?xml version="1.0" encoding="utf-8"?>
<Solution xmlns="http://schemas.microsoft.com/sharepoint/" SolutionId="37c762d6-addc-4ce1-af8f-26daca467fd5" SharePointProductVersion="15.0">
  <Assemblies>
    <Assembly Location="SFS.Navigation.dll" DeploymentTarget="GlobalAssemblyCache" />
  </Assemblies>
  <TemplateFiles>
    <TemplateFile Location="CONTROLTEMPLATES\SFS.Navigation\HierarchicalNav.ascx" />
  </TemplateFiles>
  <FeatureManifests>
    <FeatureManifest Location="SFS.Navigation_SFS.Navigation.GlobalNav\Feature.xml" />
  </FeatureManifests>
</Solution>